Date,US,Brazil,India,Russia,Mexico
1/22/20,0,0,0,0,0
1/23/20,0,0,0,0,0
1/24/20,0,0,0,0,0
1/25/20,0,0,0,0,0
1/26/20,0,0,0,0,0
1/27/20,0,0,0,0,0
1/28/20,0,0,0,0,0
1/29/20,0,0,0,0,0
1/30/20,0,0,0,0,0
1/31/20,0,0,0,0,0
2/1/20,0,0,0,0,0
2/2/20,0,0,0,0,0
2/3/20,0,0,0,0,0
2/4/20,0,0,0,0,0
2/5/20,0,0,0,0,0
2/6/20,0,0,0,0,0
2/7/20,0,0,0,0,0
2/8/20,0,0,0,0,0
2/9/20,0,0,0,0,0
2/10/20,0,0,0,0,0
2/11/20,0,0,0,0,0
2/12/20,0,0,0,0,0
2/13/20,0,0,0,0,0
2/14/20,0,0,0,0,0
2/15/20,0,0,0,0,0
2/16/20,0,0,0,0,0
2/17/20,0,0,0,0,0
2/18/20,0,0,0,0,0
2/19/20,0,0,0,0,0
2/20/20,0,0,0,0,0
2/21/20,0,0,0,0,0
2/22/20,0,0,0,0,0
2/23/20,0,0,0,0,0
2/24/20,0,0,0,0,0
2/25/20,0,0,0,0,0
2/26/20,0,0,0,0,0
2/27/20,0,0,0,0,0
2/28/20,0,0,0,0,0
2/29/20,1,0,0,0,0
3/1/20,1,0,0,0,0
3/2/20,6,0,0,0,0
3/3/20,7,0,0,0,0
3/4/20,11,0,0,0,0
3/5/20,12,0,0,0,0
3/6/20,14,0,0,0,0
3/7/20,17,0,0,0,0
3/8/20,21,0,0,0,0
3/9/20,22,0,0,0,0
3/10/20,28,0,0,0,0
3/11/20,33,0,1,0,0
3/12/20,43,0,1,0,0
3/13/20,51,0,2,0,0
3/14/20,58,0,2,0,0
3/15/20,70,0,2,0,0
3/16/20,97,0,2,0,0
3/17/20,134,1,3,0,0
3/18/20,194,3,3,0,0
3/19/20,266,6,4,1,1
3/20/20,372,11,5,1,2
3/21/20,475,15,4,1,2
3/22/20,603,25,7,1,3
3/23/20,790,34,10,1,4
3/24/20,1033,46,10,1,5
3/25/20,1366,59,12,3,6
3/26/20,1783,77,20,3,8
3/27/20,2305,92,20,4,12
3/28/20,3018,111,24,4,16
3/29/20,3573,136,27,8,20
3/30/20,4280,159,32,9,28
3/31/20,5359,201,35,17,29
4/1/20,6996,240,58,24,37
4/2/20,8556,324,72,30,50
4/3/20,9985,359,72,34,60
4/4/20,11605,445,86,43,79
4/5/20,13227,486,99,45,94
4/6/20,14989,564,136,47,125
4/7/20,17595,686,150,58,141
4/8/20,19747,819,178,63,174
4/9/20,22003,950,226,76,194
4/10/20,24217,1057,246,94,233
4/11/20,26320,1124,288,106,273
4/12/20,28203,1223,331,130,296
4/13/20,30204,1328,358,148,332
4/14/20,32685,1532,393,170,406
4/15/20,35309,1736,405,198,449
4/16/20,37496,1924,448,232,486
4/17/20,39600,2141,486,273,546
4/18/20,41543,2354,521,313,650
4/19/20,43510,2462,559,361,686
4/20/20,45795,2587,592,405,712
4/21/20,48246,2741,645,456,857
4/22/20,50712,2906,681,513,970
4/23/20,53138,3331,721,555,1069
4/24/20,55201,3704,780,615,1221
4/25/20,56940,4057,825,681,1305
4/26/20,58354,4286,881,747,1351
4/27/20,59840,4603,939,794,1434
4/28/20,62074,5083,1008,867,1569
4/29/20,64448,5513,1079,972,1732
4/30/20,66638,6006,1154,1073,1859
5/1/20,68518,6412,1223,1169,1972
5/2/20,70291,6761,1323,1222,2061
5/3/20,71492,7051,1391,1280,2154
5/4/20,72862,7367,1566,1356,2271
5/5/20,75041,7938,1693,1451,2507
5/6/20,77359,8588,1785,1537,2704
5/7/20,79262,9190,1889,1625,2961
5/8/20,81033,10017,1985,1723,3160
5/9/20,82504,10656,2101,1827,3353
5/10/20,83505,11123,2212,1915,3465
5/11/20,84531,11653,2294,2009,3573
5/12/20,86119,12461,2415,2116,3926
5/13/20,87814,13240,2551,2212,4220
5/14/20,89581,13999,2649,2305,4477
5/15/20,91205,14962,2753,2418,4767
5/16/20,92374,15662,2871,2537,5045
5/17/20,93191,16118,3025,2631,5177
5/18/20,94413,16853,3156,2722,5332
5/19/20,95840,17983,3302,2837,5666
5/20/20,97310,19059,3434,2972,6090
5/21/20,98491,20128,3584,3099,6510
5/22/20,99695,21159,3726,3249,6989
5/23/20,100774,22205,3868,3388,7179
5/24/20,101410,22863,4024,3541,7394
5/25/20,102010,23590,4172,3633,7633
5/26/20,102664,24644,4344,3807,8134
5/27/20,104116,25705,4534,3968,8597
5/28/20,105181,26895,4711,4142,9044
5/29/20,106290,28032,4980,4374,9415
5/30/20,107236,28896,5185,4555,9779
5/31/20,107857,29367,5408,4693,9930
6/1/20,108624,30108,5608,4849,10167
6/2/20,109603,31473,5829,5031,10637
6/3/20,110603,32667,6088,5208,11729
6/4/20,111601,34177,6363,5376,12545
6/5/20,112471,35253,6649,5520,13170
6/6/20,113109,36054,6946,5717,13511
6/7/20,113569,36530,7207,5851,13699
6/8/20,114071,37393,7473,5963,14053
6/9/20,114980,38586,7750,6134,14649
6/10/20,115836,39824,8102,6350,15357
6/11/20,116644,41092,8498,6522,15944
6/12/20,117466,41935,8884,6705,16448
6/13/20,118174,42792,9195,6819,16872
6/14/20,118522,43426,9520,6938,17141
6/15/20,118920,44190,9900,7081,17580
6/16/20,119695,45522,11903,7274,18310
6/17/20,120436,46707,12237,7468,19080
6/18/20,121132,47946,12573,7650,19747
6/19/20,121760,49118,12948,7831,20394
6/20/20,122323,50100,13254,7992,20781
6/21/20,122642,50683,13699,8101,21825
6/22/20,123021,51445,14011,8196,22584
6/23/20,123752,52851,14476,8349,23377
6/24/20,124507,53955,14894,8503,24324
6/25/20,125058,55135,15301,8594,25060
6/26/20,125687,56128,15685,8770,25779
6/27/20,126186,57159,16095,8958,26381
6/28/20,126512,57753,16475,9060,26648
6/29/20,126881,58475,16893,9152,27121
6/30/20,127432,59792,17400,9306,27769
7/1/20,128134,60878,17834,9521,28510
7/2/20,128883,62137,18213,9668,29189
7/3/20,129559,63350,18655,9844,29843
7/4/20,129867,64410,19268,10011,30366
7/5/20,130201,64968,19693,10145,30639
7/6/20,130575,65653,20159,10280,31119
7/7/20,131719,66953,20642,10478,32014
7/8/20,132562,68126,21129,10650,32796
7/9/20,133601,69348,21604,10826,33526
7/10/20,134402,70646,22123,11000,34191
7/11/20,135167,71578,22673,11188,34730
7/12/20,135632,72195,23174,11318,35006
7/13/20,136084,73030,23727,11422,35491
7/14/20,136988,74324,24309,11597,36327
7/15/20,137942,75604,24914,11753,36906
7/16/20,138903,76903,25602,11920,37574
7/17/20,139844,78026,26273,12106,38310
7/18/20,140733,78870,26816,12228,38888
7/19/20,141197,79578,27497,12323,39184
7/20/20,141750,80346,28082,12408,39485
7/21/20,142823,81663,28732,12561,40400
7/22/20,144066,82959,29861,12726,41190
7/23/20,145122,84272,30601,12873,41908
7/24/20,146232,85437,31358,13026,42645
7/25/20,147181,86536,32060,13172,43374
7/26/20,147744,87117,32771,13249,43680
7/27/20,148848,87802,33408,13334,44022
7/28/20,150063,89060,34193,13483,44876
7/29/20,151477,90259,34955,13650,45361
7/30/20,152778,91461,35718,13778,46000
7/31/20,153969,92728,36511,13939,46688
8/1/20,155059,93669,37364,14034,47472
8/2/20,155535,94193,38135,14104,47746
8/3/20,156127,94795,38938,14183,48012
8/4/20,157375,96153,39795,14327,48869
8/5/20,158770,97519,40699,14465,49698
8/6/20,159971,98745,41585,14579,50517
8/7/20,161266,99830,42518,14698,51311
8/8/20,162339,100657,43379,14827,52006
8/9/20,162916,101226,44386,14903,52298
8/10/20,163440,102015,45257,14973,53003
8/11/20,164517,103209,46091,15103,53929
8/12/20,166049,104393,47033,15231,54666
8/13/20,167077,105635,48040,15353,55293
8/14/20,168363,106642,49036,15467,55908
8/15/20,169423,107365,49980,15585,56543
8/16/20,170034,107952,50921,15653,56757
8/17/20,170493,108748,51797,15707,57023
8/18/20,171720,110100,52888,15836,57774
8/19/20,172421,111263,53866,15951,58481
8/20/20,173501,112500,54849,16058,59106
8/21/20,174616,113551,55794,16148,59610
8/22/20,175578,114379,56706,16268,60254
8/23/20,176057,114834,57542,16341,60480
8/24/20,176511,115557,58390,16406,60800
8/25/20,177729,116760,59357,16524,61450
8/26/20,178872,117839,60472,16638,62076
8/27/20,179979,118824,61529,16758,62594
8/28/20,180906,119673,62550,16866,63146
8/29/20,181869,120570,63498,16977,63819
8/30/20,182309,120971,64469,17045,64158
8/31/20,182794,121618,65288,17128,64414
9/1/20,183855,122768,66333,17250,65241
9/2/20,184927,123972,67376,17365,65816
9/3/20,185950,124839,68472,17479,66329
9/4/20,186900,125688,69561,17598,66851
9/5/20,187691,126292,70626,17707,67326
9/6/20,188127,126750,71642,17768,67558
9/7/20,188450,127070,72775,17818,67781
9/8/20,188923,127595,73890,17939,68484
9/9/20,190023,128752,75062,18080,69049
9/10/20,190930,129726,76271,18207,69649
9/11/20,192072,130574,77472,18309,70183
9/12/20,192810,131341,78586,18426,70604
9/13/20,193202,131746,79722,18517,70821
9/14/20,193626,132204,80776,18573,71049
9/15/20,194815,133286,82066,18723,71678
9/16/20,195747,134248,83198,18853,71978
9/17/20,196594,135117,84372,18996,72179
9/18/20,197549,135945,85619,19128,72803
9/19/20,198215,136626,86752,19270,73258
9/20/20,198474,136977,87882,19349,73493
9/21/20,198885,137443,88935,19420,73697
9/22/20,199907,138237,90020,19575,74348
9/23/20,200959,139169,91149,19720,74949
9/24/20,201855,139964,92290,19867,75439
9/25/20,202767,140786,93379,19973,75844
9/26/20,203530,141508,94503,20140,76243
9/27/20,203835,141847,95542,20239,76430
9/28/20,204173,142238,96318,20299,76603
9/29/20,205052,143096,97497,20456,77163
9/30/20,205957,144078,98678,20630,77646
10/1/20,206852,144851,99773,20796,78078
10/2/20,207741,145505,100842,20981,78492
10/3/20,208413,146093,101782,21153,78880
10/4/20,208798,146451,102685,21260,79088
10/5/20,209272,146844,103569,21375,81877
10/6/20,209960,147654,104555,21559,82348
10/7/20,210863,148379,105526,21755,82726
10/8/20,211836,149114,106490,21939,83096
10/9/20,212786,149768,107416,22137,83497
10/10/20,213434,150302,108334,22331,83642
10/11/20,213897,150580,109150,22471,83781
10/12/20,214290,150774,109856,22594,83945
10/13/20,215042,151152,110586,22834,84420
10/14/20,216028,151884,111266,23069,84898
10/15/20,216867,152698,112161,23350,85285
10/16/20,217793,153341,112998,23580,85704
10/17/20,218582,153756,114031,23857,86059
10/18/20,219042,153991,114610,24039,86167
10/19/20,219552,154317,115197,24205,86338
10/20/20,220500,154965,115914,24473,86893
10/21/20,221662,155536,116616,24786,87415
10/22/20,222542,156041,117306,25072,87415
10/23/20,223496,156604,117956,25353,88312
10/24/20,224468,156991,118534,25647,88743
10/25/20,224920,157224,119014,25875,88924
10/26/20,225479,157526,119502,26092,89171
10/27/20,226476,158052,120010,26409,89814
10/28/20,227516,158556,120527,26752,90309
10/29/20,228510,159107,121090,27111,90773
10/30/20,229582,159680,121641,27462,91289
10/31/20,230545,159972,122111,27787,91753
11/1/20,231054,160175,122607,28026,91895
11/2/20,231783,160340,123097,28264,92100
11/3/20,233407,160628,123611,28611,92593
11/4/20,234488,161246,124315,28996,93228
11/5/20,235702,161849,124985,29285,93772
11/6/20,236885,162120,125562,29654,94323
11/7/20,238011,162348,126121,30010,94808
11/8/20,238587,162538,126611,30292,95027
11/9/20,239390,162724,127059,30546,95225
11/10/20,240854,162922,127571,30899,95842
11/11/20,242317,163496,128121,31326,96430
11/12/20,243556,164429,128668,31755,97056
11/13/20,244749,165005,129188,32156,97624
11/14/20,246149,165739,129635,32536,98259
11/15/20,246908,165879,130070,32885,98542
11/16/20,247782,166136,130519,33184,98861
11/17/20,249523,166814,130993,33619,99026
11/18/20,251456,167568,131578,34068,99528
11/19/20,253468,168218,132162,34525,100104
11/20/20,255470,168731,132726,34980,100823
11/21/20,257102,169088,133227,35442,101373
11/22/20,258178,169266,133738,35838,101676
11/23/20,259314,169621,134218,36192,101926
11/24/20,261490,170248,134699,36675,102739
11/25/20,263717,170871,135223,37173,103597
11/26/20,265117,171581,135715,37688,104242
11/27/20,266737,172140,136200,38175,104873
11/28/20,268148,172684,136696,38676,105459
11/29/20,269192,172917,137139,39127,105655
11/30/20,270601,173268,137621,39491,105940
12/1/20,273099,173953,138122,40050,106765
12/2/20,275972,174632,138648,40630,107565
12/3/20,278878,175393,139188,41173,108173
12/4/20,281505,176071,139700,41730,108863
12/5/20,283901,176718,140182,42228,109456
12/6/20,285323,177058,140573,42675,109717
12/7/20,286953,177483,140958,43122,110074
12/8/20,289554,178281,141360,43674,110874
12/9/20,292513,179134,141772,44220,111655
12/10/20,295426,179903,142185,44769,112326
12/11/20,298758,180564,142628,45370,113019
12/12/20,301263,181241,143019,45923,113704
12/13/20,302831,181536,143355,46404,113953
12/14/20,304528,182049,143709,46846,114298
12/15/20,307426,182983,144096,47410,115099
12/16/20,311092,183924,144451,47994,115769
12/17/20,314505,184985,144789,48568,116487
12/18/20,317460,185802,145136,49170,117249
12/19/20,320197,186461,145477,49744,117876
12/20/20,321898,186880,145810,50242,118202
12/21/20,323724,187441,146111,50723,118598
12/22/20,327023,188410,146444,51274,119495
12/23/20,330326,189375,146756,51810,120311
12/24/20,333187,190135,147092,52434,121172
12/25/20,334690,190617,147343,52985,121837
12/26/20,336601,190913,147622,53539,122026
12/27/20,338068,191250,147901,54080,122426
12/28/20,339968,191788,148153,54559,122855
12/29/20,343506,192839,148439,55107,123845
12/30/20,347386,194056,148738,55692,124897
12/31/20,350604,195072,148994,56271,125807
1/1/21,352844,195541,149218,56798,126507
1/2/21,355436,195834,149435,57235,126851
1/3/21,356837,196145,149649,57730,127213
1/4/21,358853,196742,149850,58203,127757
1/5/21,362429,197930,150114,58706,128822
1/6/21,366299,199161,150336,59137,129987
1/7/21,370292,200679,150570,59628,131031
1/8/21,374520,201760,150570,60067,132069
1/9/21,377679,202769,150999,60523,133204
1/10/21,379769,203259,151160,60963,133706
1/11/21,381620,203750,151327,61389,134368
1/12/21,385969,204875,151529,61908,135682
1/13/21,389937,206139,151727,62463,136917
1/14/21,393717,207293,151918,63016,137916
1/15/21,397530,208428,152093,63558,139022
1/16/21,401080,209442,152274,64134,140241
1/17/21,403095,209993,152419,64601,140704
1/18/21,404678,210469,152556,65059,141248
1/19/21,407052,211629,152718,65632,142832
1/20/21,411457,213024,152869,66214,144371
1/21/21,415520,214371,153032,66810,146174
1/22/21,419286,215442,153184,67376,147614
1/23/21,422809,216587,153339,67919,149084
1/24/21,424638,217182,153470,68397,149614
1/25/21,426420,217872,153587,68841,150273
1/26/21,430433,219027,153724,69391,152016
1/27/21,434493,220363,153847,69971,153639
1/28/21,438259,221801,154010,70533,155145
1/29/21,441853,222888,154147,71054,156579
1/30/21,444670,224080,154274,71556,158074
1/31/21,446602,224648,154392,72029,158536
2/1/21,448381,225271,154486,72456,159100
2/2/21,451922,226532,154596,72982,159533
2/3/21,455778,227731,154703,73497,161240
2/4/21,459659,229007,154823,74005,161240
2/5/21,463316,230258,154918,74520,164290
2/6/21,466041,231195,154996,75010,165786
2/7/21,467504,231684,155080,75430,166200
2/8/21,468953,232405,155158,75828,166731
2/9/21,471978,233720,155252,76347,168432
2/10/21,475337,235081,155360,76873,169760
2/11/21,478492,236523,155447,77415,171234
2/12/21,481325,237743,155550,77911,172557
2/13/21,483578,238768,155642,78403,173771
2/14/21,484729,239421,155732,78825,174207
2/15/21,485675,240032,155813,79210,174657
2/16/21,487323,241124,155913,79659,175986
2/17/21,489731,242313,156014,80118,177061
2/18/21,492289,243752,156111,80587,178108
2/19/21,494810,245083,156212,81048,178965
2/20/21,496711,246114,156302,81517,179797
2/21/21,497922,246720,156385,81926,180107
2/22/21,499127,247431,156463,82255,180536
2/23/21,501384,248790,156567,82666,181809
2/24/21,504596,250236,156705,83044,182815
2/25/21,507105,251811,156825,83481,183692
2/26/21,509227,253154,156938,83900,184474
2/27/21,510739,254406,157051,84330,185257
2/28/21,511827,255179,157157,84700,185715
3/1/21,513045,256007,157248,85025,186152
3/2/21,514966,257728,157346,85458,187187
3/3/21,517540,259576,157435,85901,188044
3/4/21,519407,261384,157548,86368,188866
3/5/21,521179,263098,157656,86821,189578
3/6/21,522634,264588,157756,87253,190357
3/7/21,523337,265686,157853,87614,190604
3/8/21,524059,266808,157930,87985,190923
3/9/21,525818,268759,158063,88315,191789
3/10/21,527355,271140,158189,88773,192491
3/11/21,528896,273335,158306,89224,193152
3/12/21,530323,275457,158446,89701,193851
3/13/21,531333,277413,158607,90169,194490
3/14/21,531921,278483,158725,90558,194710
3/15/21,532570,279817,158856,90958,194944
3/16/21,533813,282667,159044,91395,195119
3/17/21,535007,285328,159216,91815,195908
3/18/21,536639,288052,159370,92266,196606
3/19/21,537659,290708,159558,92704,197219
3/20/21,538385,293076,159755,93090,197827
3/21/21,539089,294323,159967,93457,198036
3/22/21,539642,295926,160166,93812,198239
3/23/21,540614,299073,160441,94231,199048
3/24/21,542011,301390,160692,94624,199627
3/25/21,543355,304044,160949,95010,200211
3/26/21,544507,307554,161240,95410,200862
3/27/21,545311,310963,161552,95792,201429
3/28/21,545753,312545,161843,96123,201623
3/29/21,546387,314558,162114,96413,201832
3/30/21,547275,318213,162468,96817,202633
3/31/21,548349,322138,162927,97219,203210
4/1/21,549448,325793,163396,97594,203664
4/2/21,550345,328594,164110,97986,203854
4/3/21,551100,330503,164623,98363,204011
4/4/21,551412,331745,165101,98713,204147
4/5/21,551878,333657,165547,99049,204399
4/6/21,552706,337725,166177,99431,204985
4/7/21,555304,341396,166862,99800,205598
4/8/21,556312,345544,167642,100158,206146
4/9/21,557214,349296,168436,100554,207020
4/10/21,557972,351674,169275,100949,209212
4/11/21,558265,353531,170179,101282,209338
4/12/21,558720,355242,171058,101552,209702
4/13/21,559582,358999,172085,101882,210282
4/14/21,560515,362444,173123,102275,210812
4/15/21,561420,365935,174308,102667,211213
4/16/21,562291,369272,175649,103059,211693
4/17/21,563002,372149,177150,103451,212228
4/18/21,563355,373671,178769,103834,212339
4/19/21,563851,375427,180530,104173,212466
4/20/21,564688,378774,182553,104545,213048
4/21/21,565584,381971,184657,104937,213597
4/22/21,566523,384022,186920,105328,214095
4/23/21,567287,387064,189544,105718,214504
4/24/21,568037,389830,192311,106108,214853
4/25/21,568346,391164,195123,106434,214947
4/26/21,568824,392544,197894,106783,215113
4/27/21,569490,395625,201187,107167,215547
4/28/21,570473,398637,204832,107547,215918
4/29/21,571356,401669,208330,107902,216447
4/30/21,572156,404530,211853,108290,216907
5/1/21,572904,406770,215542,108675,217168
5/2/21,573232,408036,218959,109011,217233
5/3/21,573718,409161,222408,109341,217345
5/4/21,574560,412140,226188,109670,217740
5/5/21,575373,414911,230168,110022,218007
5/6/21,576169,417447,234083,110366,218173
5/7/21,576925,419633,238270,110735,218657
5/8/21,577564,421715,242347,111097,218928
5/9/21,577827,422637,246116,111425,218985
5/10/21,578229,423748,249992,111740,219089
5/11/21,578909,425993,254197,112063,219323
5/12/21,579676,428574,258317,112410,219590
5/13/21,580418,430851,262317,112795,219901
5/14/21,581049,433038,266207,113182,220159
5/15/21,581574,435039,270284,113541,220384
5/16/21,581842,436100,274390,113927,220437
5/17/21,582244,437185,278719,114263,220493
5/18/21,583024,439636,283248,114619,220746
5/19/21,583678,442136,287122,115003,220850
5/20/21,584363,444647,291331,115393,221080
5/21/21,584963,446773,295525,115764,221256
5/22/21,585451,448499,299266,116144,221597
5/23/21,585658,449388,303720,116497,221647
5/24/21,586095,450250,307231,116812,221695
5/25/21,586733,452434,311388,117197,221960
5/26/21,587719,454897,315235,117595,222232
5/27/21,589069,456998,318895,117990,222661
5/28/21,589604,459424,322512,118386,223072
5/29/21,589931,461365,325972,118781,223455
5/30/21,590079,462278,329100,119130,223507
5/31/21,590261,463244,331895,119464,223568
6/1/21,590904,465578,335102,119830,227840
6/2/21,591469,468086,337989,120217,228146
6/3/21,592098,470000,340702,120604,228362
6/4/21,592614,471191,344082,120974,228568
6/5/21,593200,472861,346759,121365,228758
6/6/21,593369,473741,349186,121711,228804
6/7/21,593676,474890,351309,122037,228838
6/8/21,593983,477538,353528,122409,229100
6/9/21,594458,479930,355705,122802,229353
6/10/21,594860,482435,363079,123178,229580
6/11/21,595386,484612,367081,123568,229823
6/12/21,595655,486586,370384,123961,230097
6/13/21,595767,487706,374305,124314,230150
6/14/21,595953,488726,377031,124681,230187
6/15/21,596276,491411,379573,125055,230428
6/16/21,596660,494113,381903,125443,230624
6/17/21,596959,496427,383490,125853,230792
6/18/21,597558,498903,385137,126300,230959
6/19/21,597728,501108,386708,126761,230959
6/20/21,597808,502139,388135,127206,231187
6/21/21,598069,503120,389302,127641,231244
6/22/21,598410,505223,390660,128180,231505
6/23/21,598796,507488,391981,128719,231847
6/24/21,599139,509526,393310,129278,232068
6/25/21,599667,511534,394493,129869,232346
6/26/21,599827,513051,395751,130479,232521
6/27/21,599903,513772,396730,131070,232564
6/28/21,600062,514486,397637,131671,232608
6/29/21,600390,516424,398454,132314,232803
6/30/21,600689,518488,399459,132973,233047
7/1/21,600972,520420,400312,133633,233248
7/2/21,601409,522296,401050,134302,233428
7/3/21,601494,523932,402005,134987,233580
7/4/21,601534,524703,402728,135637,233622
7/5/21,601654,525492,403281,136279,233689
7/6/21,601958,527251,404211,137005,233958
7/7/21,602285,528836,405028,137718,234192
7/8/21,602536,530563,405939,138441,234458
7/9/21,602999,532035,407145,139156,234675
7/10/21,603077,533193,408040,139896,234907
7/11/21,603196,533758,408764,140635,234969
7/12/21,603428,534540,410784,141335,235058
7/13/21,603783,536199,411406,142102,235277
7/14/21,604107,537735,411989,142877,235507
7/15/21,604462,539344,412531,143657,235740
7/16/21,604915,540733,413091,144446,236015
7/17/21,604987,542004,413609,145222,236240
7/18/21,605083,542485,414108,145975,236331
7/19/21,605281,543153,414482,146686,236469
7/20/21,605568,544532,418480,147457,236810
7/21/21,605932,545932,418987,148229,237207
7/22/21,606220,547363,419470,149012,237626
7/23/21,606772,548654,420016,149796,237626
7/24/21,606908,549735,420551,150583,238316
7/25/21,607012,550214,420967,151352,238424
7/26/21,607262,550839,421382,152069,238595
7/27/21,607719,552128,422022,152836,239079
7/28/21,608099,553501,422662,153620,239616
7/29/21,608418,554842,423217,154404,239997
7/30/21,609303,555727,423810,155180,240456
7/31/21,609480,556676,424351,155952,240906
8/1/21,609715,557091,424773,156726,241034
8/2/21,610087,557635,425195,157496,241279
8/3/21,610673,558872,425757,158263,241936
8/4/21,611222,559944,426290,159032,242547
8/5/21,611749,561070,426754,159803,243165
8/6/21,612880,562029,427371,160574,243733
8/7/21,613151,563028,427862,161343,244248
8/8/21,613291,563417,428309,162109,244420
8/9/21,613812,563925,428682,162860,244690
8/10/21,614634,565193,429179,163629,245476
8/11/21,615443,566238,429669,164413,246203
8/12/21,616474,567254,430254,165201,246811
8/13/21,617536,568146,430732,165996,247414
8/14/21,617815,569058,431225,166795,248167
8/15/21,618029,569447,431642,167595,248167
8/16/21,619076,569861,432079,168384,248652
8/17/21,620103,570955,432519,169169,249529
8/18/21,621307,571945,433049,169948,250469
8/19/21,623088,572968,433589,170716,251305
8/20/21,624543,573862,433964,171480,252080
8/21/21,625120,574473,434367,172257,252927
8/22/21,625343,574806,434756,173003,253155
8/23/21,626678,575223,435110,173768,253526
8/24/21,628114,576082,435758,174542,254466
8/25/21,629663,576969,436365,175328,255452
8/26/21,631881,577840,436861,176127,256287
8/27/21,633630,578658,437370,176904,257150
8/28/21,634284,579287,437830,177679,257906
8/29/21,634608,579565,438210,178457,258165
8/30/21,636323,579883,438560,179233,258491
8/31/21,637765,580764,439020,180009,259326
9/1/21,639812,581461,439529,180781,260503
9/2/21,642866,582243,439895,181560,261496
9/3/21,644805,582983,440225,182341,262221
9/4/21,645465,583621,440533,183117,262868
9/5/21,645892,583892,440752,183896,263140
9/6/21,646513,584112,441042,184672,263470
9/7/21,648608,584439,441411,185447,264541
9/8/21,650906,584688,441749,186224,265420
9/9/21,654131,585512,442009,186999,266150
9/10/21,656586,586148,442317,187768,266150
9/11/21,657428,586817,442655,188546,267524
9/12/21,657812,587116,442874,189319,267748
9/13/21,659965,587400,443213,190031,267969
9/14/21,661887,588078,443497,190793,269016
9/15/21,664619,588879,443928,191566,269913
9/16/21,668107,589542,444248,192340,270348
9/17/21,670569,590180,444529,193111,270538
9/18/21,671572,590766,444838,193891,270538
9/19/21,671980,591014,445133,194671,271503
9/20/21,674288,591279,445385,195438,271765
9/21/21,676730,591952,445768,196235,272580
9/22/21,679419,592617,446050,197032,273391
9/23/21,682726,593246,446368,197834,274139
9/24/21,685212,593926,446658,198644,274703
9/25/21,686064,594466,446918,199450,274703
9/26/21,686657,594732,447194,200245,275450
9/27/21,688910,594926,447373,201015,275676
9/28/21,691427,595743,447751,201854,276376
9/29/21,694065,596424,448062,202700,276973
9/30/21,696889,597032,448339,203549,277507
10/1/21,699021,597522,448573,204424,277978
10/2/21,699899,597976,448817,205297,278592
10/3/21,700438,598202,448997,206179,278592
10/4/21,702370,598406,449260,207056,279106
10/5/21,704254,599090,449538,207932,279106
10/6/21,706915,599660,449856,208842,279896
10/7/21,709384,600088,450127,209752,281121
10/8/21,711190,600718,450375,210673,281610
10/9/21,711644,601134,450589,211627,281610
10/10/21,712134,601285,450782,212576,282086
10/11/21,713317,601492,450963,213522,282227
10/12/21,715599,601667,451189,214476,282773
10/13/21,718784,601873,451435,215438,283193
10/14/21,720975,602445,451814,216403,283574
10/15/21,722797,602952,451980,217382,284008
10/16/21,723396,603417,452124,218362,284321
10/17/21,723875,603545,452290,219342,284381
10/18/21,725642,603747,452454,220323,284477
10/19/21,727570,604126,452651,221314,284925
10/20/21,730761,604525,452811,222320,285347
10/21/21,732782,604991,453042,223331,285669
10/22/21,734656,605438,453708,224369,285953
10/23/21,735231,605788,454269,225417,286259
10/24/21,735514,605907,454712,226464,286259
10/25/21,736970,606114,455068,227506,286496
10/26/21,738578,606517,455653,228581,286496
10/27/21,740630,606952,456386,229672,286888
10/28/21,742490,607325,457191,230786,287631
10/29/21,744224,607733,457740,231931,287951
10/30/21,744626,607949,458186,233063,288276
10/31/21,744886,608082,458437,234194,288365
11/1/21,746135,608185,458880,235318,288365
11/2/21,747442,608337,459191,236462,288464
11/3/21,749426,608527,459652,237619,288733
11/4/21,750627,608961,459873,238784,288887
11/5/21,752745,609343,460265,239943,289131
11/6/21,753255,609646,460791,241095,289674
11/7/21,753490,609716,461057,242241,289734
11/8/21,754690,609836,461389,243405,289734
11/9/21,756138,610044,461849,244588,290110
11/10/21,757827,610313,462189,245794,290110
11/11/21,758730,610553,462690,247000,290630
11/12/21,761178,611174,463245,248203,290630
11/13/21,761779,611481,463530,249415,290872
11/14/21,762010,611546,463655,250609,291089
11/15/21,763287,611616,463852,251796,291147
11/16/21,764606,611759,464153,253009,291204
11/17/21,766265,612136,464623,254229,291573
11/18/21,767600,612408,465082,255448,291929
11/19/21,769361,612646,465349,256669,291929
11/20/21,769836,612853,465662,257891,292145
11/21/21,770086,612949,465911,259107,292372
11/22/21,771332,613075,466147,260319,292524
11/23/21,772683,613370,466584,261526,292524
11/24/21,774382,613641,466980,262733,292850
11/25/21,774870,613929,467468,263934,293449
11/26/21,775259,614234,467933,265134,293614
11/27/21,775597,614461,468554,266337,293614
11/28/21,775875,614541,468790,267527,293859
11/29/21,777789,614659,468980,268705,293950
11/30/21,779427,614985,469247,269900,293950
12/1/21,781422,615253,469724,271091,294428
12/2/21,785362,615449,470115,272279,294428
12/3/21,786973,615683,470530,273463,294904
12/4/21,787674,615829,470530,274648,294904
12/5/21,788088,615900,473537,275824,295203
12/6/21,789514,616032,473757,276979,295313
12/7/21,791026,616293,473952,278131,295313
12/8/21,792849,616533,474111,279280,295602
12/9/21,794397,616733,474479,280427,296188
12/10/21,796150,616961,474872,281571,296188
12/11/21,796774,617014,475434,282713,296385
12/12/21,797146,617096,475636,283815,296620
12/13/21,798535,617141,475888,284909,296672
12/14/21,800046,617254,476135,286023,296721
12/15/21,802278,617552,476478,287135,297188
12/16/21,803547,617675,476869,288240,297356
12/17/21,805411,617873,476869,289292,297356
12/18/21,806092,618011,477158,290340,297568
12/19/21,806412,618066,477554,291336,297835
12/20/21,807959,618149,478007,292331,297916
12/21/21,809873,618220,478325,293329,297916
12/22/21,814058,618366,478759,294322,298161
12/23/21,815463,618492,479133,295296,298359
12/24/21,816153,618655,479520,296268,298670
12/25/21,816396,618686,479682,297223,298759
12/26/21,816768,618732,479997,298165,298759
12/27/21,818614,618797,480290,299077,298777
12/28/21,820895,618978,480592,299983,298819
12/29/21,823250,619095,480860,300886,298944
12/30/21,824737,619249,481080,301791,299132
12/31/21,825468,619334,481486,302671,299428
1/1/22,825870,619367,481770,303496,299525
1/2/22,826329,619401,481893,304284,299544
1/3/22,828234,619473,482017,305096,299581
1/4/22,830557,619654,482551,305906,299711
1/5/22,832782,619654,482876,306710,299842
1/6/22,834879,619654,483178,307488,299970
1/7/22,837319,619822,483463,308258,300101
1/8/22,838192,619937,483790,309041,300303
1/9/22,838813,620251,483936,309787,300334
1/10/22,840861,620366,484213,310513,300334
1/11/22,843380,620507,484655,311281,300574
1/12/22,846231,620641,485035,312010,300764
1/13/22,848792,620830,485446,312733,300912
1/14/22,851588,621063,485752,313458,300912
1/15/22,852597,621233,486066,314166,301334
1/16/22,853363,621327,486451,314838,301410
1/17/22,854402,621478,486761,315495,301469
1/18/22,857136,621803,487202,316168,301469
1/19/22,860621,622125,487693,316852,302112
1/20/22,863551,622476,488396,317523,302112
1/21/22,866932,622875,488884,318200,302721
1/22/22,867964,623191,489409,318869,302721
1/23/22,868706,623370,489848,319536,303183
1/24/22,870881,623636,490462,320178,303301
1/25/22,874038,624129,491127,320844,303776
1/26/22,877900,624717,491700,321484,303776
1/27/22,880520,625390,492327,322135,304308
1/28/22,884607,626170,493198,322796,305240
1/29/22,885821,626870,494091,323452,305762
1/30/22,886310,627150,495050,324060,305893
1/31/22,888905,627589,496242,324672,306091
2/1/22,892252,628356,497975,325321,306920
2/2/22,895867,629301,498983,325986,306920
2/3/22,898353,630301,500055,326642,307493
2/4/22,902482,631265,501114,327310,308829
2/5/22,903411,632095,501979,328014,309417
2/6/22,903881,632514,502874,328664,309546
2/7/22,906747,632946,504062,329264,309752
2/8/22,909748,634118,505279,329951,309884
2/9/22,913083,635421,506520,330609,310627
2/10/22,916336,636338,507177,331300,310627
2/11/22,919044,637467,507981,332010,311554
2/12/22,919870,638346,508665,332727,312697
2/13/22,920454,638673,509011,333421,312697
2/14/22,923630,639151,509358,334093,312819
2/15/22,926228,640076,509872,334785,312965
2/16/22,929413,641096,510413,335521,314128
2/17/22,932360,642156,510905,336299,314598
2/18/22,934862,643340,511230,337074,314598
2/19/22,935550,644195,511903,337860,315525
2/20/22,935998,644592,512109,338595,315688
2/21/22,936900,644918,512344,339319,315688
2/22/22,939072,645735,512622,340101,315786
2/23/22,942164,646714,512924,340872,316941
2/24/22,945120,647703,513226,341624,317303
2/25/22,947201,648496,513481,342397,317683
2/26/22,947965,649184,513724,343178,318014
2/27/22,948192,649437,513843,343934,318086
2/28/22,950322,649676,514023,344655,318149
3/1/22,952086,649922,514246,345427,318531
3/2/22,954185,650254,514388,346197,318531
3/3/22,955892,650824,514589,346967,318835
3/4/22,957610,651522,514878,347730,319296
3/5/22,957920,652216,515036,348467,319604
3/6/22,958135,652438,515102,349196,319859
3/7/22,959834,652648,515210,349853,319901
3/8/22,961251,653134,515355,350490,320166
3/9/22,963275,653767,515459,351124,320408
3/10/22,965037,654380,515714,351776,320607
3/11/22,966698,654843,515803,352437,320607
3/12/22,966978,655234,515850,353054,321054
3/13/22,967174,655359,515877,353635,321103
3/14/22,968469,655557,515974,354157,321115
3/15/22,969549,655878,516072,354702,321115
3/16/22,971397,656231,516132,355267,321375
3/17/22,972891,656693,516281,355816,321806
3/18/22,973940,657098,516352,356327,321806
3/19/22,974226,657389,516479,356812,321931
3/20/22,974314,657495,516510,357234,322072
3/21/22,975365,657595,516543,357634,322092
3/22/22,976139,658005,516605,358093,322119
3/23/22,977779,658286,516672,358510,322119
3/24/22,978646,658600,516755,358919,322277
3/25/22,979491,658855,520855,359307,322634
3/26/22,979641,659046,521004,359693,322634
3/27/22,979702,659159,521035,360021,322750
3/28/22,980722,659227,521070,360347,322761
3/29/22,981483,659508,521101,360674,322845
3/30/22,982627,659769,521129,361014,322845
3/31/22,983142,660022,521181,361348,323016
4/1/22,983972,660265,521264,361679,323127
4/2/22,984131,660371,521345,362008,323212
4/3/22,984191,660410,521358,362304,323223
4/4/22,984776,660570,521416,362581,323235
4/5/22,985286,660786,521487,362890,323318
4/6/22,986388,660980,521530,363175,323403
4/7/22,987245,661228,521573,363455,323508
4/8/22,987861,661377,521656,363731,323595
4/9/22,988030,661475,521685,364011,323691
4/10/22,988060,661513,521691,364265,323725
4/11/22,988386,661576,521710,364506,323727
4/12/22,988986,661741,521736,364779,323805
4/13/22,989914,661904,521737,365038,323848
4/14/22,990656,662043,521743,365285,323891
4/15/22,991096,662154,521747,365540,323903
4/16/22,991150,662185,521751,365774,323938
4/17/22,991162,662207,521965,366001,323944
4/18/22,991401,662271,521966,366209,323944
4/19/22,991855,662396,522006,366436,323973
4/20/22,992727,662659,522062,366654,324004
4/21/22,993140,662751,522116,366845,324033
4/22/22,993650,662802,522149,367036,324033
4/23/22,993718,662855,522193,367203,324120
4/24/22,993750,662891,522223,367366,324129
4/25/22,994013,662964,522223,367521,324134
4/26/22,994335,663108,523654,367692,324173
4/27/22,995120,663350,523693,367850,324221
4/28/22,995548,663464,523753,368011,324254
4/29/22,995954,663649,523803,368166,324294
4/30/22,996086,663736,523843,368319,324334
5/1/22,996109,663752,523869,368463,324334
5/2/22,996404,663838,523889,368595,324350
5/3/22,996857,663930,523920,368716,324334
5/4/22,998794,663994,523975,368840,324334
5/5/22,999094,664131,524002,368974,324334
5/6/22,999452,664326,524024,369106,324334
5/7/22,999663,664361,524064,369236,324334
5/8/22,999693,664374,524093,369350,324334
5/9/22,999943,664426,524103,369451,324465
5/10/22,1000269,664624,524157,369548,324465
5/11/22,1000942,664750,524181,369644,324465
5/12/22,1001255,664874,524190,369752,324465
5/13/22,1001456,665012,524201,369855,324465
5/14/22,1001522,665104,524214,369961,324465
5/15/22,1001559,665150,524241,370057,324465
5/16/22,1001802,665216,524260,370145,324617
5/17/22,1002197,665216,524293,370252,324617
5/18/22,1003147,665216,524303,370354,324617
5/19/22,1003504,665216,524323,370449,324617
5/20/22,1003903,665722,524348,370542,324617
5/21/22,1003998,665720,524413,370642,324617
5/22/22,1004045,665854,524459,370721,324617
5/23/22,1004289,665891,524490,370795,324768
5/24/22,1004633,666129,524507,370882,324768
5/25/22,1005711,666261,524525,370972,324768
5/26/22,1006078,666180,524539,371061,324768
5/27/22,1006602,666319,524572,371141,324768
5/28/22,1006649,666391,524586,371223,324768
5/29/22,1006668,666453,524611,371306,324768
5/30/22,1006710,666516,524630,371378,324895
5/31/22,1007077,666676,524636,371464,324922
6/1/22,1007741,666801,524641,371546,324951
6/2/22,1008082,666930,524651,371628,324966
6/3/22,1008454,666971,524677,371703,324966
6/4/22,1008638,666971,524692,371781,325000
6/5/22,1008672,666971,524701,371854,325017
6/6/22,1008951,667041,524708,371915,325023
6/7/22,1009432,667348,524715,371986,325042
6/8/22,1010606,667647,524723,372062,325055
6/9/22,1010927,667790,524747,372136,325055
6/10/22,1011287,667960,524757,372205,325144
6/11/22,1011404,668074,524761,372276,325186
6/12/22,1011434,668110,524771,372338,325194
6/13/22,1011705,668180,524777,372392,325194
6/14/22,1012089,668354,524792,372452,325242
6/15/22,1012785,668693,524803,372515,325271
6/16/22,1013234,668693,524817,372579,325340
6/17/22,1013551,668693,524840,372642,325340
6/18/22,1013594,668693,524855,372707,325340
6/19/22,1013648,668693,524873,372769,325408
6/20/22,1013720,669161,524890,372821,325417
6/21/22,1014196,669390,524903,372880,325458
6/22/22,1015038,669530,524941,372943,325458
6/23/22,1015431,669895,524954,373010,325487
6/24/22,1015863,670229,524974,373075,325511
6/25/22,1016028,670229,524999,373134,325576
6/26/22,1016050,670229,525020,373189,325580
6/27/22,1016347,670532,525047,373240,325596
6/28/22,1016924,670848,525077,373297,325638
6/29/22,1017630,670848,525116,373349,325638
6/30/22,1017377,671416,525139,373404,325716
7/1/22,1017872,671700,525168,373456,325747
7/2/22,1017929,671858,525199,373505,325747
7/3/22,1017937,671911,525223,373552,325788
7/4/22,1018017,672033,525242,373595,325793
7/5/22,1018479,672429,525270,373640,325868
7/6/22,1019225,672790,525305,373683,325928
7/7/22,1020315,673073,525343,373732,325976
7/8/22,1020798,673339,525386,373779,325976
7/9/22,1020897,673554,525428,373821,326077
7/10/22,1020929,673610,525454,373859,326085
7/11/22,1021386,673758,525474,373896,326097
7/12/22,1021965,674102,525519,373942,326189
7/13/22,1022921,674482,525557,373983,326261
7/14/22,1023316,674779,525604,374024,326335
7/15/22,1023808,675090,525660,374062,326420
7/16/22,1023880,675295,525709,374102,326491
7/17/22,1023934,675350,525760,374147,326504
7/18/22,1024368,675518,525785,374182,326504
7/19/22,1025002,675871,525821,374223,326657
7/20/22,1025888,676217,525866,374259,326764
7/21/22,1026400,676486,525930,374298,326879
7/22/22,1026948,676766,525997,374338,326968
7/23/22,1027050,676766,526033,374374,327073
7/24/22,1027082,676964,526074,374411,327089
7/25/22,1027505,677143,526110,374444,327109
7/26/22,1028057,677494,526167,374490,327109
7/27/22,1028991,677804,526212,374523,327412
7/28/22,1029420,678069,526258,374563,327412
7/29/22,1030024,678313,526312,374602,327525
7/30/22,1030075,678486,526357,374645,327525
7/31/22,1030088,678514,526396,374683,327525
8/1/22,1030654,678715,526430,374719,327755
8/2/22,1031173,679010,526477,374765,327883
8/3/22,1032217,679275,526530,374807,328006
8/4/22,1032881,679536,526600,374849,328128
8/5/22,1033568,679758,526649,374895,328128
8/6/22,1033641,679939,526689,374940,328306
8/7/22,1033673,679996,526689,374983,328320
8/8/22,1034167,680166,526772,375027,328342
8/9/22,1034816,680531,526826,375085,328437
8/10/22,1035729,680531,526879,375140,328437
8/11/22,1036318,681006,526928,375192,328437
8/12/22,1036933,681253,526996,375248,328437
8/13/22,1037019,681253,527037,375306,328724
8/14/22,1037036,681253,527069,375360,328732
8/15/22,1037498,681557,527098,375413,328736
8/16/22,1038018,681763,527134,375470,328798
8/17/22,1039085,682010,527206,375532,328871
8/18/22,1039734,682216,527253,375594,328871
8/19/22,1040298,682358,527289,375658,328871
8/20/22,1040373,682358,527332,375725,328871
8/21/22,1041161,682358,527368,375788,328871
8/22/22,1040905,682549,527416,375845,328871
8/23/22,1041521,682549,527452,375912,329174
8/24/22,1042451,683076,527488,375983,329225
8/25/22,1043101,683233,527556,376052,329289
8/26/22,1043771,683397,527597,376131,329289
8/27/22,1043843,683397,527754,376219,329289
8/28/22,1043863,683397,527799,376301,329390
8/29/22,1044338,683622,527799,376377,329390
8/30/22,1044749,683851,527799,376469,329390
8/31/22,1046240,683965,527911,376558,329390
9/1/22,1046956,683965,527932,376653,329536
9/2/22,1047407,684262,527965,376743,329572
9/3/22,1047475,684262,527991,376832,329572
9/4/22,1047489,684262,528007,376918,329622
9/5/22,1047578,684425,528030,376994,329622
9/6/22,1048183,684425,528057,377088,329652
9/7/22,1048962,684425,528090,377180,329652
9/8/22,1049673,684425,528121,377273,329652
9/9/22,1050179,684813,528139,377368,329652
9/10/22,1050261,684813,528150,377462,329736
9/11/22,1050282,684813,528165,377548,329762
9/12/22,1050733,684898,528185,377629,329761
9/13/22,1051261,685002,528216,377728,329767
9/14/22,1052202,685121,528250,377823,329767
9/15/22,1052896,685203,528273,377921,329767
9/16/22,1053302,685203,528302,378029,329767
9/17/22,1053361,685203,528337,378134,329895
9/18/22,1053385,685203,528355,378234,329895
9/19/22,1053774,685424,528370,378324,329895
9/20/22,1054223,685428,528403,378419,329920
9/21/22,1055189,685428,528429,378524,329949
9/22/22,1055879,685677,528449,378628,329949
9/23/22,1056276,685750,528487,378730,330017
9/24/22,1056358,685750,528510,378840,330043
9/25/22,1056376,685750,528530,378935,330043
9/26/22,1056741,685835,528562,379019,330046
9/27/22,1057193,685835,528584,379120,330046
9/28/22,1058461,685927,528611,379227,330046
9/29/22,1059187,685927,528629,379334,330101
9/30/22,1059507,686036,528655,379438,330112
10/1/22,1059542,686036,528673,379539,330131
10/2/22,1059560,686036,528701,379635,330131
10/3/22,1059851,686371,528716,379725,330139
10/4/22,1060356,686371,528733,379829,330139
10/5/22,1061382,686573,528745,379941,330139
10/6/22,1062009,686706,528754,380048,330139
10/7/22,1062409,686706,528778,380151,330202
10/8/22,1062461,686706,528799,380255,330202
10/9/22,1062473,686706,528814,380356,330208
10/10/22,1062608,686877,528822,380451,330208
10/11/22,1063218,686963,528835,380556,330233
10/12/22,1063988,686963,528847,380658,330250
10/13/22,1064579,687069,528857,380757,330254
10/14/22,1064910,687144,528874,380854,330254
10/15/22,1064952,687144,528895,380950,330277
10/16/22,1064963,687144,528905,381043,330277
10/17/22,1065300,687144,528913,381134,330279
10/18/22,1065737,687144,528923,381224,330279
10/19/22,1066447,687423,528943,381314,330279
10/20/22,1067052,687423,528953,381402,330305
10/21/22,1067633,687527,528957,381494,330320
10/22/22,1067656,687527,528961,381582,330320
10/23/22,1067668,687527,528977,381670,330331
10/24/22,1067877,687574,528980,381758,330331
10/25/22,1068312,687710,528981,381841,330341
10/26/22,1069412,687907,528987,381920,330353
10/27/22,1070006,687962,528999,382002,330353
10/28/22,1070198,687962,529008,382079,330353
10/29/22,1070235,687962,529016,382157,330353
10/30/22,1070244,687962,529024,382231,330376
10/31/22,1070376,688157,529077,382302,330392
11/1/22,1070821,688219,530452,382372,330392
11/2/22,1071544,688219,530461,382438,330410
11/3/22,1072189,688267,530479,382510,330410
11/4/22,1072544,688332,530486,382578,330424
11/5/22,1072577,688332,530500,382644,330424
11/6/22,1072597,688332,530509,382705,330424
11/7/22,1072731,688395,530509,382765,330406
11/8/22,1072952,688395,530509,382828,330406
11/9/22,1073860,688395,530509,382890,330417
11/10/22,1074452,688607,530520,382949,330430
11/11/22,1074508,688656,530528,383014,330430
11/12/22,1074513,688656,530531,383075,330430
11/13/22,1074526,688656,530532,383134,330430
11/14/22,1074780,688656,530533,383195,330444
11/15/22,1075182,688656,530535,383258,330444
11/16/22,1075982,688764,530546,383320,330444
11/17/22,1076510,688835,530553,383381,330444
11/18/22,1077020,688907,530570,383441,330444
11/19/22,1077043,688907,530574,383503,330444
11/20/22,1077063,688907,530586,383562,330444
11/21/22,1077274,688907,530591,383617,330444
11/22/22,1077840,689155,530596,383676,330493
11/23/22,1078826,689272,530601,383728,330495
11/24/22,1079015,689342,530604,383785,330495
11/25/22,1079169,689442,530608,383841,330495
11/26/22,1079183,689442,530612,383892,330495
11/27/22,1079196,689442,530614,383943,330495
11/28/22,1079494,689442,530615,383993,330495
11/29/22,1079906,689665,530620,384044,330495
11/30/22,1080466,689665,530622,384103,330495
12/1/22,1081153,689945,530624,384159,330525
12/2/22,1081465,690074,530627,384215,330525
12/3/22,1081494,690074,530628,384272,330525
12/4/22,1081505,690074,530630,384327,330525
12/5/22,1081728,690229,530633,384379,330592
12/6/22,1082333,690229,530638,384437,330602
12/7/22,1083338,690229,530647,384494,330633
12/8/22,1084230,690677,530653,384546,330667
12/9/22,1084429,690677,530654,384597,330667
12/10/22,1084462,690677,530658,384650,330667
12/11/22,1084473,690677,530658,384700,330667
12/12/22,1084701,691015,530658,384749,330701
12/13/22,1085296,691178,530658,384807,330729
12/14/22,1086179,691449,530663,384861,330729
12/15/22,1087000,691652,530663,384916,330743
12/16/22,1087425,691810,530667,384974,330743
12/17/22,1087451,691810,530672,385032,330795
12/18/22,1087473,691810,530674,385083,330795
12/19/22,1087755,692041,530677,385133,330805
12/20/22,1088341,692280,530680,385189,330834
12/21/22,1089383,692461,530681,385248,330834
12/22/22,1089979,692652,530690,385302,330834
12/23/22,1090186,692652,530691,385358,330834
12/24/22,1090208,692652,530693,385411,331013
12/25/22,1090223,692652,530695,385463,331013
12/26/22,1090252,692969,530696,385513,331021
12/27/22,1090608,693199,530696,385571,331071
12/28/22,1091598,693562,530698,385626,331105
12/29/22,1092522,693734,530699,385682,331099
12/30/22,1092738,693853,530702,385732,331099
12/31/22,1092764,693853,530705,385789,331099
1/1/23,1092779,693853,530707,385839,331099
1/2/23,1092801,693981,530707,385881,331099
1/3/23,1093208,693981,530707,385927,331197
1/4/23,1094493,694411,530710,385971,331206
1/5/23,1095335,694411,530714,386017,331206
1/6/23,1095789,694779,530718,386057,331263
1/7/23,1095815,694779,530720,386105,331263
1/8/23,1095832,694779,530721,386150,331324
1/9/23,1096132,694779,530722,386191,331324
1/10/23,1097024,694985,530722,386237,331333
1/11/23,1098854,695088,530723,386283,331333
1/12/23,1099574,695236,530725,386329,331407
1/13/23,1099954,695317,530726,386375,331510
1/14/23,1100006,695341,530726,386419,331510
1/15/23,1100023,695343,530726,386460,331595
1/16/23,1100068,695410,530726,386498,331595
1/17/23,1100812,695524,530728,386542,331605
1/18/23,1102393,695615,530728,386588,331605
1/19/23,1103712,695615,530728,386626,331605
1/20/23,1104154,696188,530730,386666,331829
1/21/23,1104178,696254,530733,386708,331870
1/22/23,1104191,696257,530735,386748,331881
1/23/23,1104505,696324,530737,386789,331897
1/24/23,1105308,696485,530737,386829,331955
1/25/23,1106676,696603,530738,386872,331955
1/26/23,1107559,696603,530739,386911,332026
1/27/23,1107661,696742,530739,386952,332087
1/28/23,1107676,696742,530740,386992,332087
1/29/23,1107690,696759,530740,387031,332190
1/30/23,1107918,696892,530740,387069,332190
1/31/23,1108688,697074,530740,387113,332198
2/1/23,1109996,697200,530741,387153,332324
2/2/23,1111159,697200,530741,387193,332324
2/3/23,1111679,697353,530745,387239,332393
2/4/23,1111696,697365,530745,387279,332393
2/5/23,1111698,697365,530745,387324,332475
2/6/23,1111890,697439,530745,387364,332479
2/7/23,1112362,697533,530746,387406,332479
2/8/23,1113429,697626,530748,387449,332483
2/9/23,1114385,697663,530750,387489,332580
2/10/23,1114492,697620,530750,387526,332580
2/11/23,1114529,697662,530750,387560,332580
2/12/23,1114537,697674,530753,387590,332580
2/13/23,1114709,697762,530753,387620,332580
2/14/23,1115160,697762,530756,387654,332653
2/15/23,1115741,697904,530757,387689,332695
2/16/23,1116851,698018,530757,387725,332695
2/17/23,1117572,698018,530757,387762,332695
2/18/23,1117589,698050,530760,387797,332695
2/19/23,1117590,698050,530761,387832,332839
2/20/23,1117663,698050,530761,387861,332839
2/21/23,1118025,698050,530762,387899,332850
2/22/23,1118886,698382,530763,387932,332885
2/23/23,1119521,698834,530764,387969,332938
2/24/23,1119573,698928,530764,388000,332938
2/25/23,1119587,698928,530769,388033,332938
2/26/23,1119588,698928,530770,388063,332986
2/27/23,1119582,699006,530771,388091,332986
2/28/23,1119917,699087,530772,388126,332988
3/1/23,1120897,699197,530772,388163,333038
3/2/23,1121658,699197,530772,388201,333038
3/3/23,1122165,699276,530775,388240,333038
3/4/23,1122172,699276,530775,388278,333096
3/5/23,1122134,699276,530775,388320,333100
3/6/23,1122181,699276,530775,388355,333100
3/7/23,1122516,699276,530775,388396,333136
3/8/23,1123246,699276,530776,388440,333170
3/9/23,1123836,699276,530779,388478,333188
